data,sklep,cena,nazwa,ld
02.02.2023 , AVANS , 639.0 , Dysk LACIE Rugged 2TB HDD                    
02.02.2023 , AVANS , 519.99 , Dysk LACIE Rugged Mini 2TB HDD                    
02.02.2023 , AVANS , 369.85 , Dysk LACIE Rugged Mini 1TB HDD                    
02.02.2023 , AVANS , 759.0 , Dysk LACIE Rugged Mini 4TB HDD                    
02.02.2023 , AVANS , 399.0 , Dysk LACIE Mobile Drive 1TB HDD Srebrny                    
02.02.2023 , AVANS , 819.0 , Dysk LACIE Mobile Drive 5TB HDD                    
02.02.2023 , AVANS , 819.0 , Dysk LACIE Rugged 4TB HDD                    
02.02.2023 , AVANS , 738.29 , Dysk LACIE Mobile Drive 4TB HDD Szary                    
02.02.2023 , AVANS , 517.79 , Dysk LACIE Mobile Drive 2TB HDD Szary                    
02.02.2023 , AVANS , 845.14 , Dysk LACIE Mobile Drive 5TB HDD Szary                    
02.02.2023 , AVANS , 413.7 , Dysk LACIE Rugged 1TB HDD                    
02.02.2023 , RTV euro AGD , 419 ," LaCie Rugged 1 TB 2,5'' USB 3.1 "
02.02.2023 , RTV euro AGD , 819 , LaCie Mobile Drive 5TB USB 3.1 Typ C (srebrny) 
02.02.2023 , RTV euro AGD , 399 ," LaCie Rugged Mini 1 TB 2,5'' USB 3.0 "
02.02.2023 , RTV euro AGD , 759 ," LaCie Rugged Mini 4 TB 2,5'' USB 3.0 "
02.02.2023 , RTV euro AGD , 499 ," LaCie Rugged Mini 2 TB 2,5'' USB 3.0 "
02.02.2023 , RTV euro AGD , 939 ," LaCie Rugged Mini 5 TB 2,5'' USB 3.0 "
02.02.2023 , RTV euro AGD , 819 ," LaCie Rugged 4TB 2,5'' USB 3.1 Typ C "
02.02.2023 , RTV euro AGD , 959 ," LaCie Rugged 5TB 2,5'' USB 3.1 Typ C "
02.02.2023 , RTV euro AGD , 749 , LaCie Mobile Drive 4TB USB 3.1 Typ C (szary) 
02.02.2023 , RTV euro AGD , 1619 , LaCie D2 Professional 10TB USB 3.1 Typ C 
02.02.2023 , RTV euro AGD , 849 , LaCie Mobile Drive 5TB USB 3.1 Typ C (szary) 
02.02.2023 , RTV euro AGD , 519 , LaCie Mobile Drive 2TB USB 3.1 Typ C (szary) 
02.02.2023 , RTV euro AGD , 1019 ," LaCie D2 Professional 4TB USB 3.0 3,5"" "
02.02.2023 , RTV euro AGD , 399 , LaCie Mobile Drive 1TB USB 3.1 Typ C (srebrny) 
02.02.2023 , RTV euro AGD , 2119 , LaCie Rugged SSD Pro 1TB STHZ1000800 
02.02.2023 , AVANS , 639.0 , Dysk LACIE Rugged 2TB HDD                    
02.02.2023 , AVANS , 519.99 , Dysk LACIE Rugged Mini 2TB HDD                    
02.02.2023 , AVANS , 369.85 , Dysk LACIE Rugged Mini 1TB HDD                    
02.02.2023 , AVANS , 759.0 , Dysk LACIE Rugged Mini 4TB HDD                    
02.02.2023 , AVANS , 399.0 , Dysk LACIE Mobile Drive 1TB HDD Srebrny                    
02.02.2023 , AVANS , 819.0 , Dysk LACIE Mobile Drive 5TB HDD                    
02.02.2023 , AVANS , 819.0 , Dysk LACIE Rugged 4TB HDD                    
02.02.2023 , AVANS , 738.29 , Dysk LACIE Mobile Drive 4TB HDD Szary                    
02.02.2023 , AVANS , 517.79 , Dysk LACIE Mobile Drive 2TB HDD Szary                    
02.02.2023 , AVANS , 845.14 , Dysk LACIE Mobile Drive 5TB HDD Szary                    
02.02.2023 , AVANS , 413.7 , Dysk LACIE Rugged 1TB HDD                    
02.02.2023 , AVANS , 639.0 , Dysk LACIE Rugged 2TB HDD                    
02.02.2023 , AVANS , 519.99 , Dysk LACIE Rugged Mini 2TB HDD                    
02.02.2023 , AVANS , 369.85 , Dysk LACIE Rugged Mini 1TB HDD                    
02.02.2023 , AVANS , 759.0 , Dysk LACIE Rugged Mini 4TB HDD                    
02.02.2023 , AVANS , 399.0 , Dysk LACIE Mobile Drive 1TB HDD Srebrny                    
02.02.2023 , AVANS , 819.0 , Dysk LACIE Mobile Drive 5TB HDD                    
02.02.2023 , AVANS , 819.0 , Dysk LACIE Rugged 4TB HDD                    
02.02.2023 , AVANS , 738.29 , Dysk LACIE Mobile Drive 4TB HDD Szary                    
02.02.2023 , AVANS , 517.79 , Dysk LACIE Mobile Drive 2TB HDD Szary                    
02.02.2023 , AVANS , 845.14 , Dysk LACIE Mobile Drive 5TB HDD Szary                    
02.02.2023 , AVANS , 413.7 , Dysk LACIE Rugged 1TB HDD                    
02.02.2023 , AVANS , 639.0 , Dysk LACIE Rugged 2TB HDD                    
02.02.2023 , AVANS , 519.99 , Dysk LACIE Rugged Mini 2TB HDD                    
02.02.2023 , AVANS , 369.85 , Dysk LACIE Rugged Mini 1TB HDD                    
02.02.2023 , AVANS , 759.0 , Dysk LACIE Rugged Mini 4TB HDD                    
02.02.2023 , AVANS , 399.0 , Dysk LACIE Mobile Drive 1TB HDD Srebrny                    
02.02.2023 , AVANS , 819.0 , Dysk LACIE Mobile Drive 5TB HDD                    
02.02.2023 , AVANS , 819.0 , Dysk LACIE Rugged 4TB HDD                    
02.02.2023 , AVANS , 738.29 , Dysk LACIE Mobile Drive 4TB HDD Szary                    
02.02.2023 , AVANS , 517.79 , Dysk LACIE Mobile Drive 2TB HDD Szary                    
02.02.2023 , AVANS , 845.14 , Dysk LACIE Mobile Drive 5TB HDD Szary                    
02.02.2023 , AVANS , 413.7 , Dysk LACIE Rugged 1TB HDD                    
02.02.2023 , AVANS , 639.0 , Dysk LACIE Rugged 2TB HDD                    
02.02.2023 , AVANS , 519.99 , Dysk LACIE Rugged Mini 2TB HDD                    
02.02.2023 , AVANS , 369.85 , Dysk LACIE Rugged Mini 1TB HDD                    
02.02.2023 , AVANS , 759.0 , Dysk LACIE Rugged Mini 4TB HDD                    
02.02.2023 , AVANS , 399.0 , Dysk LACIE Mobile Drive 1TB HDD Srebrny                    
02.02.2023 , AVANS , 819.0 , Dysk LACIE Mobile Drive 5TB HDD                    
02.02.2023 , AVANS , 819.0 , Dysk LACIE Rugged 4TB HDD                    
02.02.2023 , AVANS , 738.29 , Dysk LACIE Mobile Drive 4TB HDD Szary                    
02.02.2023 , AVANS , 517.79 , Dysk LACIE Mobile Drive 2TB HDD Szary                    
02.02.2023 , AVANS , 845.14 , Dysk LACIE Mobile Drive 5TB HDD Szary                    
02.02.2023 , AVANS , 413.7 , Dysk LACIE Rugged 1TB HDD                    
02.02.2023 , AVANS , 639.0 , Dysk LACIE Rugged 2TB HDD                    
02.02.2023 , AVANS , 519.99 , Dysk LACIE Rugged Mini 2TB HDD                    
02.02.2023 , AVANS , 369.85 , Dysk LACIE Rugged Mini 1TB HDD                    
02.02.2023 , AVANS , 759.0 , Dysk LACIE Rugged Mini 4TB HDD                    
02.02.2023 , AVANS , 399.0 , Dysk LACIE Mobile Drive 1TB HDD Srebrny                    
02.02.2023 , AVANS , 819.0 , Dysk LACIE Mobile Drive 5TB HDD                    
02.02.2023 , AVANS , 819.0 , Dysk LACIE Rugged 4TB HDD                    
02.02.2023 , AVANS , 738.29 , Dysk LACIE Mobile Drive 4TB HDD Szary                    
02.02.2023 , AVANS , 517.79 , Dysk LACIE Mobile Drive 2TB HDD Szary                    
02.02.2023 , AVANS , 845.14 , Dysk LACIE Mobile Drive 5TB HDD Szary                    
02.02.2023 , AVANS , 413.7 , Dysk LACIE Rugged 1TB HDD                    
02.02.2023 , AVANS , 639.0 , Dysk LACIE Rugged 2TB HDD                    
02.02.2023 , AVANS , 519.99 , Dysk LACIE Rugged Mini 2TB HDD                    
02.02.2023 , AVANS , 369.85 , Dysk LACIE Rugged Mini 1TB HDD                    
02.02.2023 , AVANS , 759.0 , Dysk LACIE Rugged Mini 4TB HDD                    
02.02.2023 , AVANS , 399.0 , Dysk LACIE Mobile Drive 1TB HDD Srebrny                    
02.02.2023 , AVANS , 819.0 , Dysk LACIE Mobile Drive 5TB HDD                    
02.02.2023 , AVANS , 819.0 , Dysk LACIE Rugged 4TB HDD                    
02.02.2023 , AVANS , 738.29 , Dysk LACIE Mobile Drive 4TB HDD Szary                    
02.02.2023 , AVANS , 517.79 , Dysk LACIE Mobile Drive 2TB HDD Szary                    
02.02.2023 , AVANS , 845.14 , Dysk LACIE Mobile Drive 5TB HDD Szary                    
02.02.2023 , AVANS , 413.7 , Dysk LACIE Rugged 1TB HDD                    
02.02.2023 , AVANS , 639.0 , Dysk LACIE Rugged 2TB HDD                    
02.02.2023 , AVANS , 519.99 , Dysk LACIE Rugged Mini 2TB HDD                    
02.02.2023 , AVANS , 369.85 , Dysk LACIE Rugged Mini 1TB HDD                    
02.02.2023 , AVANS , 759.0 , Dysk LACIE Rugged Mini 4TB HDD                    
02.02.2023 , AVANS , 399.0 , Dysk LACIE Mobile Drive 1TB HDD Srebrny                    
02.02.2023 , AVANS , 819.0 , Dysk LACIE Mobile Drive 5TB HDD                    
02.02.2023 , AVANS , 819.0 , Dysk LACIE Rugged 4TB HDD                    
02.02.2023 , AVANS , 738.29 , Dysk LACIE Mobile Drive 4TB HDD Szary                    
02.02.2023 , AVANS , 517.79 , Dysk LACIE Mobile Drive 2TB HDD Szary                    
02.02.2023 , AVANS , 845.14 , Dysk LACIE Mobile Drive 5TB HDD Szary                    
02.02.2023 , AVANS , 413.7 , Dysk LACIE Rugged 1TB HDD                    
02.02.2023 , AVANS , 639.0 , Dysk LACIE Rugged 2TB HDD                    
02.02.2023 , AVANS , 519.99 , Dysk LACIE Rugged Mini 2TB HDD                    
02.02.2023 , AVANS , 369.85 , Dysk LACIE Rugged Mini 1TB HDD                    
02.02.2023 , AVANS , 759.0 , Dysk LACIE Rugged Mini 4TB HDD                    
02.02.2023 , AVANS , 399.0 , Dysk LACIE Mobile Drive 1TB HDD Srebrny                    
02.02.2023 , AVANS , 819.0 , Dysk LACIE Mobile Drive 5TB HDD                    
02.02.2023 , AVANS , 819.0 , Dysk LACIE Rugged 4TB HDD                    
02.02.2023 , AVANS , 738.29 , Dysk LACIE Mobile Drive 4TB HDD Szary                    
02.02.2023 , AVANS , 517.79 , Dysk LACIE Mobile Drive 2TB HDD Szary                    
02.02.2023 , AVANS , 845.14 , Dysk LACIE Mobile Drive 5TB HDD Szary                    
02.02.2023 , AVANS , 413.7 , Dysk LACIE Rugged 1TB HDD                    
02.02.2023 , AVANS , 259.0 , Dysk GOODRAM CX400 1TB SSD                    
02.02.2023 , AVANS , 389.0 , Dysk SAMSUNG 980 1TB SSD                    
02.02.2023 , AVANS , 459.0 , Dysk CRUCIAL X8 1TB SSD                    
02.02.2023 , AVANS , 219.0 , Dysk SEAGATE Expansion Portable 1TB HDD                    
02.02.2023 , AVANS , 195.69 , Dysk SEAGATE BarraCuda HDD 1TB                    
02.02.2023 , AVANS , 139.0 , Dysk GOODRAM CX400 G2 512GB SSD                    
02.02.2023 , AVANS , 216.97 , Dysk CRUCIAL MX500 500GB SSD                    
02.02.2023 , AVANS , 289.0 , Dysk SEAGATE Expansion Portable 2TB HDD                    
02.02.2023 , AVANS , 227.64 , Dysk SEAGATE BarraCuda 2TB HDD ST2000DM008                    
02.02.2023 , AVANS , 399.0 , Dysk CRUCIAL X6 Portable 1TB SSD                    
02.02.2023 , AVANS , 789.0 , Dysk SAMSUNG 990 Pro 1TB SSD                    
02.02.2023 , AVANS , 379.0 , Dysk CRUCIAL MX500 1TB SSD                    
02.02.2023 , AVANS , 79.0 , Dysk GOODRAM CX400 256GB SSD                    
02.02.2023 , AVANS , 419.0 , Dysk KINGSTON KC3000 1TB SSD                    
02.02.2023 , AVANS , 459.0 , Dysk SEAGATE Expansion Portable 4TB HDD                    
02.02.2023 , AVANS , 537.67 , Dysk SAMSUNG Portable T7 1TB SSD                    
02.02.2023 , AVANS , 269.0 , Dysk SAMSUNG 870 Evo 500GB SSD                    
02.02.2023 , AVANS , 149.0 , Dysk CRUCIAL MX500 250GB SSD                    
02.02.2023 , AVANS , 269.0 , Dysk KINGSTON NV2 1TB SSD                    
02.02.2023 , AVANS , 555.0 , Dysk SAMSUNG T7 Shield 1TB USB 3.2 Gen. 2 SSD Czarny                    
02.02.2023 , AVANS , 639.0 , Dysk LACIE Rugged 2TB HDD                    
02.02.2023 , AVANS , 519.99 , Dysk LACIE Rugged Mini 2TB HDD                    
02.02.2023 , AVANS , 369.85 , Dysk LACIE Rugged Mini 1TB HDD                    
02.02.2023 , AVANS , 759.0 , Dysk LACIE Rugged Mini 4TB HDD                    
02.02.2023 , AVANS , 399.0 , Dysk LACIE Mobile Drive 1TB HDD Srebrny                    
02.02.2023 , AVANS , 819.0 , Dysk LACIE Mobile Drive 5TB HDD                    
02.02.2023 , AVANS , 819.0 , Dysk LACIE Rugged 4TB HDD                    
02.02.2023 , AVANS , 738.29 , Dysk LACIE Mobile Drive 4TB HDD Szary                    
02.02.2023 , AVANS , 517.79 , Dysk LACIE Mobile Drive 2TB HDD Szary                    
02.02.2023 , AVANS , 845.14 , Dysk LACIE Mobile Drive 5TB HDD Szary                    
02.02.2023 , AVANS , 413.7 , Dysk LACIE Rugged 1TB HDD                    
02.02.2023 , AVANS , 639.0 , Dysk LACIE Rugged 2TB HDD                    
02.02.2023 , AVANS , 519.99 , Dysk LACIE Rugged Mini 2TB HDD                    
02.02.2023 , AVANS , 369.85 , Dysk LACIE Rugged Mini 1TB HDD                    
02.02.2023 , AVANS , 759.0 , Dysk LACIE Rugged Mini 4TB HDD                    
02.02.2023 , AVANS , 399.0 , Dysk LACIE Mobile Drive 1TB HDD Srebrny                    
02.02.2023 , AVANS , 819.0 , Dysk LACIE Mobile Drive 5TB HDD                    
02.02.2023 , AVANS , 819.0 , Dysk LACIE Rugged 4TB HDD                    
02.02.2023 , AVANS , 738.29 , Dysk LACIE Mobile Drive 4TB HDD Szary                    
02.02.2023 , AVANS , 517.79 , Dysk LACIE Mobile Drive 2TB HDD Szary                    
02.02.2023 , AVANS , 845.14 , Dysk LACIE Mobile Drive 5TB HDD Szary                    
02.02.2023 , AVANS , 413.7 , Dysk LACIE Rugged 1TB HDD                    
02.02.2023 , AVANS , 639.0 , Dysk LACIE Rugged 2TB HDD                    
02.02.2023 , AVANS , 519.99 , Dysk LACIE Rugged Mini 2TB HDD                    
02.02.2023 , AVANS , 369.85 , Dysk LACIE Rugged Mini 1TB HDD                    
02.02.2023 , AVANS , 759.0 , Dysk LACIE Rugged Mini 4TB HDD                    
02.02.2023 , AVANS , 399.0 , Dysk LACIE Mobile Drive 1TB HDD Srebrny                    
02.02.2023 , AVANS , 819.0 , Dysk LACIE Mobile Drive 5TB HDD                    
02.02.2023 , AVANS , 819.0 , Dysk LACIE Rugged 4TB HDD                    
02.02.2023 , AVANS , 738.29 , Dysk LACIE Mobile Drive 4TB HDD Szary                    
02.02.2023 , AVANS , 517.79 , Dysk LACIE Mobile Drive 2TB HDD Szary                    
02.02.2023 , AVANS , 845.14 , Dysk LACIE Mobile Drive 5TB HDD Szary                    
02.02.2023 , AVANS , 413.7 , Dysk LACIE Rugged 1TB HDD                    
02.02.2023 , AVANS , 639.0 , Dysk LACIE Rugged 2TB HDD                    
02.02.2023 , AVANS , 519.99 , Dysk LACIE Rugged Mini 2TB HDD                    
02.02.2023 , AVANS , 369.85 , Dysk LACIE Rugged Mini 1TB HDD                    
02.02.2023 , AVANS , 759.0 , Dysk LACIE Rugged Mini 4TB HDD                    
02.02.2023 , AVANS , 399.0 , Dysk LACIE Mobile Drive 1TB HDD Srebrny                    
02.02.2023 , AVANS , 819.0 , Dysk LACIE Mobile Drive 5TB HDD                    
02.02.2023 , AVANS , 819.0 , Dysk LACIE Rugged 4TB HDD                    
02.02.2023 , AVANS , 738.29 , Dysk LACIE Mobile Drive 4TB HDD Szary                    
02.02.2023 , AVANS , 517.79 , Dysk LACIE Mobile Drive 2TB HDD Szary                    
02.02.2023 , AVANS , 845.14 , Dysk LACIE Mobile Drive 5TB HDD Szary                    
02.02.2023 , AVANS , 413.7 , Dysk LACIE Rugged 1TB HDD                    
